Interaction,-46.575700
Bounded,-341.434000
Unbounded,-294.858000
